002608_n0001_h28_x3.png	선비족입구
004557_n0001_h28_x3.png	선비족입구
012922_n0001_h28_x3.png	선비족입구
015124_n0301_h28_x3.png	대방성주막
015204_n0321_h28_x3.png	대방성주막
015244_n0341_h28_x3.png	국경지대
015324_n0361_h28_x3.png	선비족입구
015634_n0001_h28_x3.png	선비족입구
020837_n0121_h28_x3.png	선비족입구
020917_n0141_h28_x3.png	선비족입구
020957_n0161_h28_x3.png	선비족입구
021038_n0181_h28_x3.png	선비족입구
021118_n0201_h28_x3.png	선비족입구
021158_n0221_h28_x3.png	선비족입구
021238_n0241_h28_x3.png	선비족입구
021318_n0261_h28_x3.png	선비족입구
021358_n0281_h28_x3.png	선비족입구
021438_n0301_h28_x3.png	선비족입구
021518_n0321_h28_x3.png	선비족입구
021559_n0341_h28_x3.png	선비족입구
021731_n0001_h28_x3.png	선비족입구
025335_n0001_h28_x3.png	선비족입구
033356_n0001_h28_x3.png	선비족입구
035328_n0001_h28_x3.png	선비족입구
035449_n0041_h28_x3.png	선비족2
035529_n0061_h28_x3.png	선비족3-5(1)
035949_n0181_h28_x3.png	제2선비족입구
040029_n0201_h28_x3.png	선비족입구
111010_n0001_h28_x3.png	선비족입구
111314_n0001_h28_x3.png	선비족입구
111839_n0161_h28_x3.png	선비족입구
115719_n0001_h28_x3.png	선비족입구
142651_n0001_h28_x3.png	선비족입구
150416_n0001_h28_x3.png	선비족입구
151435_n0301_h28_x3.png	선비족2
151958_n0461_h28_x3.png	선비족2
174053_n0001_h28_x3.png	국경지대
174133_n0021_h28_x3.png	국경지대
174155_n0001_h28_x3.png	국경지대
174236_n0021_h28_x3.png	국경지대
174316_n0041_h28_x3.png	국경지대
175314_n0001_h28_x3.png	선비족입구
175435_n0041_h28_x3.png	선비족2
194447_n0001_h28_x3.png	선비족입구
211324_n0001_h28_x3.png	선비족입구
212801_n0401_h28_x3.png	선비족입구
220702_n0001_h28_x3.png	선비족입구
230341_n0001_h28_x3.png	선비족입구
232245_n0521_h28_x3.png	선비족입구